{
  "IsEncrypted": false,
  "Values": {
    "AzureWebJobsStorage": "DefaultEndpointsProtocol=https;AccountName=scenerio2store;AccountKey=0kAE/eOimfuT7eNw8HR2M7DWJWAzj7Y14uXd5/XIV5Rz06pCJ5pXEbA0w8DhE3fw6sjz4s2sJkPbh7vliDIu4g==",
    "FUNCTIONS_WORKER_RUNTIME": "dotnet",
    "databaseId": "moviegeek",
    "eventHubConnection": "Endpoint=sb://s2event.servicebus.windows.net/;SharedAccessKeyName=store;SharedAccessKey=D+WQd88/R1tp9Cboo1LODmY5TfCFwp8/WCVStqDk8ZQ=;EntityPath=store",
    "dbConnectionUrl": "https://localhost:8081/",
    "dbConnectionKey": "C2y6yDjf5/R+ob0N8A7Cgv30VRDJIWEHLM+4QDU5DE2nQ9nDuVTqobD4b8mGGyPMbIZnqyMsEcaGQy67XIw/Jw==",
    "CosmosDBConnection": "AccountEndpoint=https://localhost:8081/;AccountKey=C2y6yDjf5/R+ob0N8A7Cgv30VRDJIWEHLM+4QDU5DE2nQ9nDuVTqobD4b8mGGyPMbIZnqyMsEcaGQy67XIw/Jw==",
    "CosmosDBUrl": "https://scenerio2.documents.azure.com:443/",
    "CosmosDBKey": "Vb6wA3tdna24yN8ih9vGWXGagTQnDjurp7GIq2UPglDIbkixeIOLbisguW6zCv1C16U4J3jeKXRNaZjdUHLoyg==",
    "LogicAppUrl": "https://prod-15.westus2.logic.azure.com:443/workflows/532e438a579d466caf63570abac0492a/triggers/manual/paths/invoke?api-version=2016-10-01&sp=%2Ftriggers%2Fmanual%2Frun&sv=1.0&sig=rKeOCYdXVbf8pauxxmnEefS-QrobN1iXCDhGjEEPqw0",
    "RecipientEmail": "chris@solliance.net"
  }
}