<?xml version="1.0"?>
<doc>
    <assembly>
        <name>Microsoft.DataTransfer.HBase.Wpf</name>
    </assembly>
    <members>
        <member name="T:Microsoft.DataTransfer.HBase.Wpf.Resources">
            <summary>
              A strongly-typed resource class, for looking up localized strings, etc.
            </summary>
        </member>
        <member name="P:Microsoft.DataTransfer.HBase.Wpf.Resources.ResourceManager">
            <summary>
              Returns the cached ResourceManager instance used by this class.
            </summary>
        </member>
        <member name="P:Microsoft.DataTransfer.HBase.Wpf.Resources.Culture">
            <summary>
              Overrides the current thread's CurrentUICulture property for all
              resource lookups using this strongly typed resource class.
            </summary>
        </member>
        <member name="P:Microsoft.DataTransfer.HBase.Wpf.Resources.TestConnectionResultTitle">
            <summary>
              Looks up a localized string similar to Verify Connection.
            </summary>
        </member>
        <member name="P:Microsoft.DataTransfer.HBase.Wpf.Resources.TestConnectionSuccessMessage">
            <summary>
              Looks up a localized string similar to Successfully connected to HBase.
            </summary>
        </member>
        <member name="M:Microsoft.DataTransfer.HBase.Wpf.Shared.HBaseAdapterConnectionConfigurationControl.InitializeComponent">
            <summary>
            InitializeComponent
            </summary>
        </member>
        <member name="M:Microsoft.DataTransfer.HBase.Wpf.Source.Commands.ReadStringDialog.InitializeComponent">
            <summary>
            InitializeComponent
            </summary>
        </member>
        <member name="M:Microsoft.DataTransfer.HBase.Wpf.Source.HBaseSourceAdapterConfigurationPage.InitializeComponent">
            <summary>
            InitializeComponent
            </summary>
        </member>
        <member name="T:Microsoft.DataTransfer.HBase.Wpf.Source.HBaseSourceAdapterConfigurationProvider">
            <summary>
            Provides configuration for HBase data source.
            </summary>
        </member>
        <member name="M:Microsoft.DataTransfer.HBase.Wpf.Source.HBaseSourceAdapterConfigurationProvider.#ctor">
            <summary>
            Creates a new instance of <see cref="T:Microsoft.DataTransfer.HBase.Wpf.Source.HBaseSourceAdapterConfigurationProvider" />.
            </summary>
        </member>
        <member name="M:Microsoft.DataTransfer.HBase.Wpf.Source.HBaseSourceAdapterConfigurationSummaryPage.InitializeComponent">
            <summary>
            InitializeComponent
            </summary>
        </member>
        <member name="T:XamlGeneratedNamespace.GeneratedInternalTypeHelper">
            <summary>
            GeneratedInternalTypeHelper
            </summary>
        </member>
        <member name="M:XamlGeneratedNamespace.GeneratedInternalTypeHelper.CreateInstance(System.Type,System.Globalization.CultureInfo)">
            <summary>
            CreateInstance
            </summary>
        </member>
        <member name="M:XamlGeneratedNamespace.GeneratedInternalTypeHelper.GetPropertyValue(System.Reflection.PropertyInfo,System.Object,System.Globalization.CultureInfo)">
            <summary>
            GetPropertyValue
            </summary>
        </member>
        <member name="M:XamlGeneratedNamespace.GeneratedInternalTypeHelper.SetPropertyValue(System.Reflection.PropertyInfo,System.Object,System.Object,System.Globalization.CultureInfo)">
            <summary>
            SetPropertyValue
            </summary>
        </member>
        <member name="M:XamlGeneratedNamespace.GeneratedInternalTypeHelper.CreateDelegate(System.Type,System.Object,System.String)">
            <summary>
            CreateDelegate
            </summary>
        </member>
        <member name="M:XamlGeneratedNamespace.GeneratedInternalTypeHelper.AddEventHandler(System.Reflection.EventInfo,System.Object,System.Delegate)">
            <summary>
            AddEventHandler
            </summary>
        </member>
    </members>
</doc>
