<?xml version="1.0"?>
<doc>
    <assembly>
        <name>Microsoft.DataTransfer.DynamoDb.Wpf</name>
    </assembly>
    <members>
        <member name="T:Microsoft.DataTransfer.DynamoDb.Wpf.Resources">
            <summary>
              A strongly-typed resource class, for looking up localized strings, etc.
            </summary>
        </member>
        <member name="P:Microsoft.DataTransfer.DynamoDb.Wpf.Resources.ResourceManager">
            <summary>
              Returns the cached ResourceManager instance used by this class.
            </summary>
        </member>
        <member name="P:Microsoft.DataTransfer.DynamoDb.Wpf.Resources.Culture">
            <summary>
              Overrides the current thread's CurrentUICulture property for all
              resource lookups using this strongly typed resource class.
            </summary>
        </member>
        <member name="P:Microsoft.DataTransfer.DynamoDb.Wpf.Resources.TestConnectionResultTitle">
            <summary>
              Looks up a localized string similar to Verify Connection.
            </summary>
        </member>
        <member name="P:Microsoft.DataTransfer.DynamoDb.Wpf.Resources.TestConnectionSuccessMessage">
            <summary>
              Looks up a localized string similar to Successfully connected to DynamoDB.
            </summary>
        </member>
        <member name="M:Microsoft.DataTransfer.DynamoDb.Wpf.Shared.DynamoDbAdapterConnectionConfigurationControl.InitializeComponent">
            <summary>
            InitializeComponent
            </summary>
        </member>
        <member name="M:Microsoft.DataTransfer.DynamoDb.Wpf.Source.DynamoDbSourceAdapterConfigurationPage.InitializeComponent">
            <summary>
            InitializeComponent
            </summary>
        </member>
        <member name="T:Microsoft.DataTransfer.DynamoDb.Wpf.Source.DynamoDbSourceAdapterConfigurationProvider">
            <summary>
            Provides configuration for DynamoDB data source.
            </summary>
        </member>
        <member name="M:Microsoft.DataTransfer.DynamoDb.Wpf.Source.DynamoDbSourceAdapterConfigurationProvider.#ctor">
            <summary>
            Creates a new instance of <see cref="T:Microsoft.DataTransfer.DynamoDb.Wpf.Source.DynamoDbSourceAdapterConfigurationProvider" />.
            </summary>
        </member>
        <member name="M:Microsoft.DataTransfer.DynamoDb.Wpf.Source.DynamoDbSourceAdapterConfigurationSummaryPage.InitializeComponent">
            <summary>
            InitializeComponent
            </summary>
        </member>
        <member name="T:XamlGeneratedNamespace.GeneratedInternalTypeHelper">
            <summary>
            GeneratedInternalTypeHelper
            </summary>
        </member>
        <member name="M:XamlGeneratedNamespace.GeneratedInternalTypeHelper.CreateInstance(System.Type,System.Globalization.CultureInfo)">
            <summary>
            CreateInstance
            </summary>
        </member>
        <member name="M:XamlGeneratedNamespace.GeneratedInternalTypeHelper.GetPropertyValue(System.Reflection.PropertyInfo,System.Object,System.Globalization.CultureInfo)">
            <summary>
            GetPropertyValue
            </summary>
        </member>
        <member name="M:XamlGeneratedNamespace.GeneratedInternalTypeHelper.SetPropertyValue(System.Reflection.PropertyInfo,System.Object,System.Object,System.Globalization.CultureInfo)">
            <summary>
            SetPropertyValue
            </summary>
        </member>
        <member name="M:XamlGeneratedNamespace.GeneratedInternalTypeHelper.CreateDelegate(System.Type,System.Object,System.String)">
            <summary>
            CreateDelegate
            </summary>
        </member>
        <member name="M:XamlGeneratedNamespace.GeneratedInternalTypeHelper.AddEventHandler(System.Reflection.EventInfo,System.Object,System.Delegate)">
            <summary>
            AddEventHandler
            </summary>
        </member>
    </members>
</doc>
