<?xml version="1.0"?>
<doc>
    <assembly>
        <name>Microsoft.DataTransfer.Sql</name>
    </assembly>
    <members>
        <member name="T:Microsoft.DataTransfer.Sql.Client.SqlProbeClient">
            <summary>
            Simple SQL client to verify the connection.
            </summary>
        </member>
        <member name="M:Microsoft.DataTransfer.Sql.Client.SqlProbeClient.TestConnection(System.String)">
            <summary>
            Tests the SQL connection.
            </summary>
            <param name="connectionString">SQL connection string to use to connect.</param>
            <returns>Task that represents asynchronous connection operation.</returns>
        </member>
        <member name="T:Microsoft.DataTransfer.Sql.ConfigurationResources">
            <summary>
              A strongly-typed resource class, for looking up localized strings, etc.
            </summary>
        </member>
        <member name="P:Microsoft.DataTransfer.Sql.ConfigurationResources.ResourceManager">
            <summary>
              Returns the cached ResourceManager instance used by this class.
            </summary>
        </member>
        <member name="P:Microsoft.DataTransfer.Sql.ConfigurationResources.Culture">
            <summary>
              Overrides the current thread's CurrentUICulture property for all
              resource lookups using this strongly typed resource class.
            </summary>
        </member>
        <member name="P:Microsoft.DataTransfer.Sql.ConfigurationResources.ConnectionString">
            <summary>
              Looks up a localized string similar to Connection string for the SQL Server.
            </summary>
        </member>
        <member name="P:Microsoft.DataTransfer.Sql.ConfigurationResources.Source_NestingSeparator">
            <summary>
              Looks up a localized string similar to Optional. Special character in the column name to indicate that nested document is needed.
            </summary>
        </member>
        <member name="P:Microsoft.DataTransfer.Sql.ConfigurationResources.Source_Query">
            <summary>
              Looks up a localized string similar to SQL query to get the data. Query and QueryFile are mutually exclusive to each other, only one of them can be specified.
            </summary>
        </member>
        <member name="P:Microsoft.DataTransfer.Sql.ConfigurationResources.Source_QueryFile">
            <summary>
              Looks up a localized string similar to Path to the file containing SQL query. Query and QueryFile are mutually exclusive, only one of them can be specified.
            </summary>
        </member>
        <member name="T:Microsoft.DataTransfer.Sql.Shared.ISqlDataAdapterConfiguration">
            <summary>
            Contains basic configuration for SQL data adapters.
            </summary>
        </member>
        <member name="P:Microsoft.DataTransfer.Sql.Shared.ISqlDataAdapterConfiguration.ConnectionString">
            <summary>
            Gets the connection string for the SQL database.
            </summary>
        </member>
        <member name="T:Microsoft.DataTransfer.Sql.Source.ISqlDataSourceAdapterConfiguration">
            <summary>
            Contains configuration for SQL data source adapter.
            </summary>
        </member>
        <member name="P:Microsoft.DataTransfer.Sql.Source.ISqlDataSourceAdapterConfiguration.Query">
            <summary>
            Gets the SQL query.
            </summary>
        </member>
        <member name="P:Microsoft.DataTransfer.Sql.Source.ISqlDataSourceAdapterConfiguration.QueryFile">
            <summary>
            Gets the path to the file that contains SQL query document.
            </summary>
        </member>
        <member name="P:Microsoft.DataTransfer.Sql.Source.ISqlDataSourceAdapterConfiguration.NestingSeparator">
            <summary>
            Gets the separator sequence to identify nested documents from column names.
            </summary>
        </member>
        <member name="T:Microsoft.DataTransfer.Sql.Source.SqlDataSourceAdapterFactory">
            <summary>
            Provides data source adapters capable of reading data from SQL database.
            </summary>
        </member>
        <member name="P:Microsoft.DataTransfer.Sql.Source.SqlDataSourceAdapterFactory.Description">
            <summary>
            Gets the description of the data adapter.
            </summary>
        </member>
        <member name="M:Microsoft.DataTransfer.Sql.Source.SqlDataSourceAdapterFactory.CreateAsync(Microsoft.DataTransfer.Sql.Source.ISqlDataSourceAdapterConfiguration,Microsoft.DataTransfer.Extensibility.IDataTransferContext,System.Threading.CancellationToken)">
            <summary>
            Creates a new instance of <see cref="T:Microsoft.DataTransfer.Extensibility.IDataSourceAdapter" /> with the provided configuration.
            </summary>
            <param name="configuration">Data source adapter configuration.</param>
            <param name="context">Data transfer operation context.</param>
            <param name="cancellation">Cancellation token.</param>
            <returns>Task that represents asynchronous create operation.</returns>
        </member>
        <member name="T:Microsoft.DataTransfer.Sql.Resources">
            <summary>
              A strongly-typed resource class, for looking up localized strings, etc.
            </summary>
        </member>
        <member name="P:Microsoft.DataTransfer.Sql.Resources.ResourceManager">
            <summary>
              Returns the cached ResourceManager instance used by this class.
            </summary>
        </member>
        <member name="P:Microsoft.DataTransfer.Sql.Resources.Culture">
            <summary>
              Overrides the current thread's CurrentUICulture property for all
              resource lookups using this strongly typed resource class.
            </summary>
        </member>
        <member name="P:Microsoft.DataTransfer.Sql.Resources.AmbiguousQuery">
            <summary>
              Looks up a localized string similar to Both Query and QueryFile cannot be set at the same time.
            </summary>
        </member>
        <member name="P:Microsoft.DataTransfer.Sql.Resources.CircularArcGeometryNotSupported">
            <summary>
              Looks up a localized string similar to Circular arc geometry element is not supported.
            </summary>
        </member>
        <member name="P:Microsoft.DataTransfer.Sql.Resources.ConnectionStringMissing">
            <summary>
              Looks up a localized string similar to SQL connection string cannot be empty.
            </summary>
        </member>
        <member name="P:Microsoft.DataTransfer.Sql.Resources.DataItemIdFormat">
            <summary>
              Looks up a localized string similar to Row {0}.
            </summary>
        </member>
        <member name="P:Microsoft.DataTransfer.Sql.Resources.DataSourceDescription">
            <summary>
              Looks up a localized string similar to Reads data from SQL database.
            </summary>
        </member>
        <member name="P:Microsoft.DataTransfer.Sql.Resources.ErrorLoadingNativeBinariesFormat">
            <summary>
              Looks up a localized string similar to Error loading {0} (ErrorCode: {1}).
            </summary>
        </member>
        <member name="P:Microsoft.DataTransfer.Sql.Resources.QueryMissing">
            <summary>
              Looks up a localized string similar to Non-empty query should be provided.
            </summary>
        </member>
        <member name="T:SqlServerTypes.Utilities">
            <summary>
            Utility methods related to CLR Types for SQL Server 
            </summary>
        </member>
        <member name="M:SqlServerTypes.Utilities.LoadNativeAssemblies(System.String)">
            <summary>
            Loads the required native assemblies for the current architecture (x86 or x64)
            </summary>
            <param name="rootApplicationPath">
            Root path of the current application. Use Server.MapPath(".") for ASP.NET applications
            and AppDomain.CurrentDomain.BaseDirectory for desktop applications.
            </param>
        </member>
    </members>
</doc>
